,GOOG,NVDA,TSLA,MSFT,AAPL,AMZN,META
Sep,-0.127860000000031,-2.334099999999876,-1.7461150000001937,0.38083500000006437,-1.4190099999999433,-0.7170600000000086,1.1514650000000102
Oct,-1.1765636363636383,-1.8755499999999783,-3.713659090909077,0.01380000000005504,-0.5059681818180931,-0.2339136363636585,-0.8965363636364223
Nov,0.11229999999999052,0.874116666666661,0.11735416666674443,1.2180666666666298,0.7884916666667365,0.17974166666670163,0.04310833333335751
Dec,-0.06897199999999089,-0.01382400000001553,0.11672000000010599,-0.3588799999999264,0.25334800000001567,0.3190199999999834,-0.14646399999993265
Jan,-0.3380680000000416,6.905308000000336,-3.608987999999994,-0.2584080000000586,0.16283599999990656,-0.24646799999995436,0.22477199999999356
Overall,-0.31983272727274226,0.7111901333334255,-1.766937584848483,0.19908273333335286,-0.14406050303027557,-0.13973599393938727,0.07526899393940126
